id,title,description,availability,condition,price,sale_price,link,image_link,additional_image_link,brand,quantity_to_sell_on_facebook,item_group_id,product_type,color
MX-BAG-001,Maximos Classic Tote - Vinho,"A Classic Tote é a escolha ideal para quem busca elegância no dia a dia. Ela combina sofisticação e praticidade em um design minimalista que nunca sai de moda. Espaçosa e funcional, é perfeita para acompanhar sua rotina — do trabalho aos compromissos diários — com estilo e autenticidade.",in stock,new,427.00 BRL,320.25 BRL,https://jrhenriquerf.github.io/maximos-signature/produto.html?id=maximos-classic-tote&sku=MX-BAG-001,https://jrhenriquerf.github.io/maximos-signature/assets/products/maximos-classic-tote/mx-bag-001/01.webp,"https://jrhenriquerf.github.io/maximos-signature/assets/products/maximos-classic-tote/mx-bag-001/02.webp,https://jrhenriquerf.github.io/maximos-signature/assets/products/maximos-classic-tote/mx-bag-001/03.webp,https://jrhenriquerf.github.io/maximos-signature/assets/products/maximos-classic-tote/mx-bag-001/04.webp,https://jrhenriquerf.github.io/maximos-signature/assets/products/maximos-classic-tote/mx-bag-001/05.webp,https://jrhenriquerf.github.io/maximos-signature/assets/products/maximos-classic-tote/mx-bag-001/06.webp,https://jrhenriquerf.github.io/maximos-signature/assets/products/maximos-classic-tote/mx-bag-001/07.webp",Maximos Signature,1,maximos-classic-tote,Bolsas > Grandes,Vinho
MX-BAG-003,Maximos Classic Tote - Consultar disponibilidade,"A Classic Tote é a escolha ideal para quem busca elegância no dia a dia. Ela combina sofisticação e praticidade em um design minimalista que nunca sai de moda. Espaçosa e funcional, é perfeita para acompanhar sua rotina — do trabalho aos compromissos diários — com estilo e autenticidade.",out of stock,new,427.00 BRL,320.25 BRL,https://jrhenriquerf.github.io/maximos-signature/produto.html?id=maximos-classic-tote&sku=MX-BAG-003,https://jrhenriquerf.github.io/maximos-signature/assets/products/maximos-classic-tote/mx-bag-003/01.webp,"https://jrhenriquerf.github.io/maximos-signature/assets/products/maximos-classic-tote/mx-bag-003/02.webp,https://jrhenriquerf.github.io/maximos-signature/assets/products/maximos-classic-tote/mx-bag-003/03.webp,https://jrhenriquerf.github.io/maximos-signature/assets/products/maximos-classic-tote/mx-bag-003/04.webp,https://jrhenriquerf.github.io/maximos-signature/assets/products/maximos-classic-tote/mx-bag-003/05.webp",Maximos Signature,0,maximos-classic-tote,Bolsas > Grandes,Consultar disponibilidade
MX-BAG-002,Maximos Dual Classic - Preto e Off-white,"A Dual Classic é a escolha perfeita para quem valoriza elegância com personalidade no dia a dia. Com seu design bicolor marcante, ela une o contraste sofisticado do preto e off-white a um formato atemporal que nunca perde o charme.",in stock,new,427.00 BRL,320.25 BRL,https://jrhenriquerf.github.io/maximos-signature/produto.html?id=maximos-dual-classic&sku=MX-BAG-002,https://jrhenriquerf.github.io/maximos-signature/assets/products/maximos-dual-classic/mx-bag-002/01.webp,"https://jrhenriquerf.github.io/maximos-signature/assets/products/maximos-dual-classic/mx-bag-002/02.webp,https://jrhenriquerf.github.io/maximos-signature/assets/products/maximos-dual-classic/mx-bag-002/03.webp,https://jrhenriquerf.github.io/maximos-signature/assets/products/maximos-dual-classic/mx-bag-002/04.webp,https://jrhenriquerf.github.io/maximos-signature/assets/products/maximos-dual-classic/mx-bag-002/05.webp",Maximos Signature,1,maximos-dual-classic,Bolsas > Grandes,Preto e Off-white
MX-BAG-004,Maximos Essencial - Craquelada,"A Essencial foi criada para trazer praticidade sem abrir mão da elegância. Com design clean e sofisticado, ela é confeccionada em couro legítimo e pensada para acompanhar sua rotina com leveza e versatilidade.",in stock,new,457.00 BRL,342.75 BRL,https://jrhenriquerf.github.io/maximos-signature/produto.html?id=maximos-essencial&sku=MX-BAG-004,https://jrhenriquerf.github.io/maximos-signature/assets/products/maximos-essencial/mx-bag-004/01.webp,"https://jrhenriquerf.github.io/maximos-signature/assets/products/maximos-essencial/mx-bag-004/02.webp,https://jrhenriquerf.github.io/maximos-signature/assets/products/maximos-essencial/mx-bag-004/03.webp,https://jrhenriquerf.github.io/maximos-signature/assets/products/maximos-essencial/mx-bag-004/04.webp,https://jrhenriquerf.github.io/maximos-signature/assets/products/maximos-essencial/mx-bag-004/05.webp",Maximos Signature,1,maximos-essencial,Bolsas > Grandes,Craquelada
MX-BAG-005,Maximos Essencial - Off white e Vinho,"A Essencial foi criada para trazer praticidade sem abrir mão da elegância. Com design clean e sofisticado, ela é confeccionada em couro legítimo e pensada para acompanhar sua rotina com leveza e versatilidade.",in stock,new,457.00 BRL,342.75 BRL,https://jrhenriquerf.github.io/maximos-signature/produto.html?id=maximos-essencial&sku=MX-BAG-005,https://jrhenriquerf.github.io/maximos-signature/assets/products/maximos-essencial/mx-bag-005/01.webp,"https://jrhenriquerf.github.io/maximos-signature/assets/products/maximos-essencial/mx-bag-005/02.webp,https://jrhenriquerf.github.io/maximos-signature/assets/products/maximos-essencial/mx-bag-005/03.webp,https://jrhenriquerf.github.io/maximos-signature/assets/products/maximos-essencial/mx-bag-005/04.webp,https://jrhenriquerf.github.io/maximos-signature/assets/products/maximos-essencial/mx-bag-005/05.webp,https://jrhenriquerf.github.io/maximos-signature/assets/products/maximos-essencial/mx-bag-005/06.webp",Maximos Signature,1,maximos-essencial,Bolsas > Grandes,Off white e Vinho
MX-BAG-006,Maximos Aura - Off white e Caramelo,"A Maximos Aura combina a leveza do couro off-white com o contraste suave da alça caramelo, resultando em um design minimalista e sofisticado. Seu formato prático torna a peça perfeita para o uso diário, unindo funcionalidade e elegância em cada detalhe.",out of stock,new,432.00 BRL,324.00 BRL,https://jrhenriquerf.github.io/maximos-signature/produto.html?id=maximos-aura&sku=MX-BAG-006,https://jrhenriquerf.github.io/maximos-signature/assets/products/maximos-aura/mx-bag-006/01.webp,"https://jrhenriquerf.github.io/maximos-signature/assets/products/maximos-aura/mx-bag-006/02.webp,https://jrhenriquerf.github.io/maximos-signature/assets/products/maximos-aura/mx-bag-006/03.webp,https://jrhenriquerf.github.io/maximos-signature/assets/products/maximos-aura/mx-bag-006/04.webp,https://jrhenriquerf.github.io/maximos-signature/assets/products/maximos-aura/mx-bag-006/05.webp,https://jrhenriquerf.github.io/maximos-signature/assets/products/maximos-aura/mx-bag-006/06.webp,https://jrhenriquerf.github.io/maximos-signature/assets/products/maximos-aura/mx-bag-006/07.webp,https://jrhenriquerf.github.io/maximos-signature/assets/products/maximos-aura/mx-bag-006/08.webp",Maximos Signature,0,maximos-aura,Bolsas > Grandes,Off white e Caramelo
MX-BAG-007,Maximos Aura - Preto e off white,"A Maximos Aura combina a leveza do couro off-white com o contraste suave da alça caramelo, resultando em um design minimalista e sofisticado. Seu formato prático torna a peça perfeita para o uso diário, unindo funcionalidade e elegância em cada detalhe.",in stock,new,432.00 BRL,324.00 BRL,https://jrhenriquerf.github.io/maximos-signature/produto.html?id=maximos-aura&sku=MX-BAG-007,https://jrhenriquerf.github.io/maximos-signature/assets/products/maximos-aura/mx-bag-007/01.webp,"https://jrhenriquerf.github.io/maximos-signature/assets/products/maximos-aura/mx-bag-007/02.webp,https://jrhenriquerf.github.io/maximos-signature/assets/products/maximos-aura/mx-bag-007/03.webp,https://jrhenriquerf.github.io/maximos-signature/assets/products/maximos-aura/mx-bag-007/04.webp,https://jrhenriquerf.github.io/maximos-signature/assets/products/maximos-aura/mx-bag-007/05.webp",Maximos Signature,1,maximos-aura,Bolsas > Grandes,Preto e off white
MX-BAG-008,Maximos Aura - Vinho,"A Maximos Aura combina a leveza do couro off-white com o contraste suave da alça caramelo, resultando em um design minimalista e sofisticado. Seu formato prático torna a peça perfeita para o uso diário, unindo funcionalidade e elegância em cada detalhe.",in stock,new,432.00 BRL,324.00 BRL,https://jrhenriquerf.github.io/maximos-signature/produto.html?id=maximos-aura&sku=MX-BAG-008,https://jrhenriquerf.github.io/maximos-signature/assets/products/maximos-aura/mx-bag-008/01.webp,"https://jrhenriquerf.github.io/maximos-signature/assets/products/maximos-aura/mx-bag-008/02.webp,https://jrhenriquerf.github.io/maximos-signature/assets/products/maximos-aura/mx-bag-008/03.webp,https://jrhenriquerf.github.io/maximos-signature/assets/products/maximos-aura/mx-bag-008/04.webp,https://jrhenriquerf.github.io/maximos-signature/assets/products/maximos-aura/mx-bag-008/05.webp,https://jrhenriquerf.github.io/maximos-signature/assets/products/maximos-aura/mx-bag-008/06.webp,https://jrhenriquerf.github.io/maximos-signature/assets/products/maximos-aura/mx-bag-008/07.webp,https://jrhenriquerf.github.io/maximos-signature/assets/products/maximos-aura/mx-bag-008/08.webp,https://jrhenriquerf.github.io/maximos-signature/assets/products/maximos-aura/mx-bag-008/09.webp",Maximos Signature,1,maximos-aura,Bolsas > Grandes,Vinho
MX-BAG-009,Maximos Trama - Caramelo,"A Maximos Trama une a elegância do couro legítimo ao charme do acabamento artesanal entrelaçado, criando uma peça única, sofisticada e atemporal",in stock,new,437.00 BRL,327.75 BRL,https://jrhenriquerf.github.io/maximos-signature/produto.html?id=maximos-trama&sku=MX-BAG-009,https://jrhenriquerf.github.io/maximos-signature/assets/products/maximos-trama/mx-bag-009/01.webp,"https://jrhenriquerf.github.io/maximos-signature/assets/products/maximos-trama/mx-bag-009/02.webp,https://jrhenriquerf.github.io/maximos-signature/assets/products/maximos-trama/mx-bag-009/03.webp,https://jrhenriquerf.github.io/maximos-signature/assets/products/maximos-trama/mx-bag-009/04.webp,https://jrhenriquerf.github.io/maximos-signature/assets/products/maximos-trama/mx-bag-009/05.webp,https://jrhenriquerf.github.io/maximos-signature/assets/products/maximos-trama/mx-bag-009/06.webp",Maximos Signature,1,maximos-trama,Bolsas > Grandes,Caramelo
MX-BAG-010,Maximos Trama - Consultar disponibilidade,"A Maximos Trama une a elegância do couro legítimo ao charme do acabamento artesanal entrelaçado, criando uma peça única, sofisticada e atemporal",in stock,new,437.00 BRL,327.75 BRL,https://jrhenriquerf.github.io/maximos-signature/produto.html?id=maximos-trama&sku=MX-BAG-010,https://jrhenriquerf.github.io/maximos-signature/assets/products/maximos-trama/mx-bag-010/01.webp,"https://jrhenriquerf.github.io/maximos-signature/assets/products/maximos-trama/mx-bag-010/02.webp,https://jrhenriquerf.github.io/maximos-signature/assets/products/maximos-trama/mx-bag-010/03.webp,https://jrhenriquerf.github.io/maximos-signature/assets/products/maximos-trama/mx-bag-010/04.webp,https://jrhenriquerf.github.io/maximos-signature/assets/products/maximos-trama/mx-bag-010/05.webp",Maximos Signature,1,maximos-trama,Bolsas > Grandes,Consultar disponibilidade
MX-BAG-011,Maximos Marfim - Consultar disponibilidade,"A Maximos Marfim une elegância e delicadeza em um design atemporal, confeccionado em couro legítimo para acompanhar sua rotina com sofisticação.",in stock,new,437.00 BRL,327.75 BRL,https://jrhenriquerf.github.io/maximos-signature/produto.html?id=maximos-marfim&sku=MX-BAG-011,https://jrhenriquerf.github.io/maximos-signature/assets/products/maximos-marfim/mx-bag-011/01.webp,"https://jrhenriquerf.github.io/maximos-signature/assets/products/maximos-marfim/mx-bag-011/02.webp,https://jrhenriquerf.github.io/maximos-signature/assets/products/maximos-marfim/mx-bag-011/03.webp,https://jrhenriquerf.github.io/maximos-signature/assets/products/maximos-marfim/mx-bag-011/04.webp,https://jrhenriquerf.github.io/maximos-signature/assets/products/maximos-marfim/mx-bag-011/05.webp,https://jrhenriquerf.github.io/maximos-signature/assets/products/maximos-marfim/mx-bag-011/06.webp,https://jrhenriquerf.github.io/maximos-signature/assets/products/maximos-marfim/mx-bag-011/07.webp,https://jrhenriquerf.github.io/maximos-signature/assets/products/maximos-marfim/mx-bag-011/08.webp",Maximos Signature,1,maximos-marfim,Bolsas > Grandes,Consultar disponibilidade
MX-BAG-012,Maximos Essencial Mini - Consultar disponibilidade,Maximos Essencial Mini em couro legítimo com acabamento premium.,in stock,new,149.00 BRL,111.75 BRL,https://jrhenriquerf.github.io/maximos-signature/produto.html?id=maximos-essencial-mini&sku=MX-BAG-012,https://jrhenriquerf.github.io/maximos-signature/assets/products/maximos-essencial-mini/mx-bag-012/01.webp,"https://jrhenriquerf.github.io/maximos-signature/assets/products/maximos-essencial-mini/mx-bag-012/02.webp,https://jrhenriquerf.github.io/maximos-signature/assets/products/maximos-essencial-mini/mx-bag-012/03.webp,https://jrhenriquerf.github.io/maximos-signature/assets/products/maximos-essencial-mini/mx-bag-012/04.webp,https://jrhenriquerf.github.io/maximos-signature/assets/products/maximos-essencial-mini/mx-bag-012/05.webp,https://jrhenriquerf.github.io/maximos-signature/assets/products/maximos-essencial-mini/mx-bag-012/06.webp,https://jrhenriquerf.github.io/maximos-signature/assets/products/maximos-essencial-mini/mx-bag-012/07.webp,https://jrhenriquerf.github.io/maximos-signature/assets/products/maximos-essencial-mini/mx-bag-012/08.webp",Maximos Signature,1,maximos-essencial-mini,Bolsas > Pequenas,Consultar disponibilidade
MX-BAG-013,Maximos Essencial Mini - Craquelado,Maximos Essencial Mini em couro legítimo com acabamento premium.,in stock,new,149.00 BRL,111.75 BRL,https://jrhenriquerf.github.io/maximos-signature/produto.html?id=maximos-essencial-mini&sku=MX-BAG-013,https://jrhenriquerf.github.io/maximos-signature/assets/products/maximos-essencial-mini/mx-bag-013/01.webp,https://jrhenriquerf.github.io/maximos-signature/assets/products/maximos-essencial-mini/mx-bag-013/02.webp,Maximos Signature,1,maximos-essencial-mini,Bolsas > Pequenas,Craquelado
MX-BAG-014,Maximos Essencial Mini - Café,Maximos Essencial Mini em couro legítimo com acabamento premium.,in stock,new,149.00 BRL,111.75 BRL,https://jrhenriquerf.github.io/maximos-signature/produto.html?id=maximos-essencial-mini&sku=MX-BAG-014,https://jrhenriquerf.github.io/maximos-signature/assets/products/maximos-essencial-mini/mx-bag-014/01.webp,https://jrhenriquerf.github.io/maximos-signature/assets/products/maximos-essencial-mini/mx-bag-014/02.webp,Maximos Signature,1,maximos-essencial-mini,Bolsas > Pequenas,Café
MX-BAG-015,Maximos Essencial Mini - Caramelo,Maximos Essencial Mini em couro legítimo com acabamento premium.,in stock,new,149.00 BRL,111.75 BRL,https://jrhenriquerf.github.io/maximos-signature/produto.html?id=maximos-essencial-mini&sku=MX-BAG-015,https://jrhenriquerf.github.io/maximos-signature/assets/products/maximos-essencial-mini/mx-bag-015/01.webp,https://jrhenriquerf.github.io/maximos-signature/assets/products/maximos-essencial-mini/mx-bag-015/02.webp,Maximos Signature,1,maximos-essencial-mini,Bolsas > Pequenas,Caramelo
MX-BAG-016,Maximos Essencial Mini - Vinho,Maximos Essencial Mini em couro legítimo com acabamento premium.,in stock,new,149.00 BRL,111.75 BRL,https://jrhenriquerf.github.io/maximos-signature/produto.html?id=maximos-essencial-mini&sku=MX-BAG-016,https://jrhenriquerf.github.io/maximos-signature/assets/products/maximos-essencial-mini/mx-bag-016/01.webp,https://jrhenriquerf.github.io/maximos-signature/assets/products/maximos-essencial-mini/mx-bag-016/02.webp,Maximos Signature,1,maximos-essencial-mini,Bolsas > Pequenas,Vinho
MX-BAG-017,Maximos Essencial Mini - Marrom,Maximos Essencial Mini em couro legítimo com acabamento premium.,in stock,new,149.00 BRL,111.75 BRL,https://jrhenriquerf.github.io/maximos-signature/produto.html?id=maximos-essencial-mini&sku=MX-BAG-017,https://jrhenriquerf.github.io/maximos-signature/assets/products/maximos-essencial-mini/mx-bag-017/01.webp,https://jrhenriquerf.github.io/maximos-signature/assets/products/maximos-essencial-mini/mx-bag-017/02.webp,Maximos Signature,1,maximos-essencial-mini,Bolsas > Pequenas,Marrom
MX-BAG-018,Maximos Croco - Off white e Caramelo,"A Maximos Croco combina a sofisticação do couro legítimo com acabamento em textura croco e um design atemporal. Espaçosa, prática e produzida artesanalmente, é a escolha ideal para acompanhar sua rotina com elegância e autenticidade.",in stock,new,437.00 BRL,328.00 BRL,https://jrhenriquerf.github.io/maximos-signature/produto.html?id=maximos-croco&sku=MX-BAG-018,https://jrhenriquerf.github.io/maximos-signature/assets/products/maximos-croco/mx-bag-018/01.webp,"https://jrhenriquerf.github.io/maximos-signature/assets/products/maximos-croco/mx-bag-018/02.webp,https://jrhenriquerf.github.io/maximos-signature/assets/products/maximos-croco/mx-bag-018/03.webp,https://jrhenriquerf.github.io/maximos-signature/assets/products/maximos-croco/mx-bag-018/04.webp,https://jrhenriquerf.github.io/maximos-signature/assets/products/maximos-croco/mx-bag-018/05.webp,https://jrhenriquerf.github.io/maximos-signature/assets/products/maximos-croco/mx-bag-018/06.webp",Maximos Signature,1,maximos-croco,Bolsas > Grandes,Off white e Caramelo
MX-BAG-019,Maximos Urban - Consultar disponibilidade,"Bolsa em couro legítimo com design compacto e contemporâneo. Um modelo versátil, pensado para acompanhar a rotina, com visual mais minimalista, contemporâneo e urbano.",out of stock,new,99.00 BRL,,https://jrhenriquerf.github.io/maximos-signature/produto.html?id=maximos-urban&sku=MX-BAG-019,https://jrhenriquerf.github.io/maximos-signature/assets/products/maximos-urban/mx-bag-019/01.webp,"https://jrhenriquerf.github.io/maximos-signature/assets/products/maximos-urban/mx-bag-019/02.webp,https://jrhenriquerf.github.io/maximos-signature/assets/products/maximos-urban/mx-bag-019/03.webp,https://jrhenriquerf.github.io/maximos-signature/assets/products/maximos-urban/mx-bag-019/04.webp,https://jrhenriquerf.github.io/maximos-signature/assets/products/maximos-urban/mx-bag-019/05.webp,https://jrhenriquerf.github.io/maximos-signature/assets/products/maximos-urban/mx-bag-019/01.webp,https://jrhenriquerf.github.io/maximos-signature/assets/products/maximos-urban/mx-bag-019/07.webp",Maximos Signature,0,maximos-urban,Bolsas > Pequenas,Consultar disponibilidade
MX-BAG-020,Maximos Origem - Consultar disponibilidade,"A peça que traduz a essência da Maximos Signature. Produzida artesanalmente em couro legítimo, destaca-se pela costura manual aparente, que evidencia o cuidado, a tradição e a autenticidade presentes em cada detalhe.",in stock,new,79.00 BRL,,https://jrhenriquerf.github.io/maximos-signature/produto.html?id=maximos-origem&sku=MX-BAG-020,https://jrhenriquerf.github.io/maximos-signature/assets/products/maximos-origem/mx-bag-020/01.webp,"https://jrhenriquerf.github.io/maximos-signature/assets/products/maximos-origem/mx-bag-020/01.webp,https://jrhenriquerf.github.io/maximos-signature/assets/products/maximos-origem/mx-bag-020/03.webp,https://jrhenriquerf.github.io/maximos-signature/assets/products/maximos-origem/mx-bag-020/04.webp,https://jrhenriquerf.github.io/maximos-signature/assets/products/maximos-origem/mx-bag-020/05.webp",Maximos Signature,1,maximos-origem,Bolsas > Pequenas,Consultar disponibilidade
